<?xml version="1.0" encoding="UTF-8"?>
<metadata xml:lang="zh"><Esri><CreaDate>20110506</CreaDate><CreaTime>02264600</CreaTime><ArcGISFormat>1.0</ArcGISFormat><SyncOnce>TRUE</SyncOnce><DataProperties><lineage><Process ToolSource="C:\Program Files (x86)\ArcGIS\Desktop10.0\ArcToolbox\Toolboxes\3D Analyst Tools.tbx\TinRaster" Date="20110429" Time="160707">TinRaster tin "D:\Mae Chaem training\DEM" FLOAT LINEAR "CELLSIZE 50" 1</Process></lineage><itemProps><itemLocation><linkage Sync="TRUE">file://\\JIE\D$\Mae Chaem training 1\dem</linkage><protocol Sync="TRUE">Local Area Network</protocol></itemLocation></itemProps><copyHistory><copy source="H:\Mae Chaem training0\dem" dest="\\JIE\D$\Mae Chaem training 1\dem" date="20110506" time="02264600"></copy></copyHistory></DataProperties></Esri></metadata>
