<?xml version="1.0" encoding="UTF-8"?>
<metadata xml:lang="zh"><Esri><CreaDate>20110506</CreaDate><CreaTime>02264600</CreaTime><ArcGISFormat>1.0</ArcGISFormat><SyncOnce>FALSE</SyncOnce><DataProperties><lineage><Process ToolSource="C:\Program Files (x86)\ArcGIS\Desktop10.0\ArcToolbox\Toolboxes\3D Analyst Tools.tbx\TinRaster" Date="20110429" Time="160707">TinRaster tin "D:\Mae Chaem training\DEM" FLOAT LINEAR "CELLSIZE 50" 1</Process><Process ToolSource="c:\program files\arcgis\pro\Resources\ArcToolbox\toolboxes\Data Management Tools.tbx\Resample" Date="20260212" Time="101346">Resample dem "C:\Users\Hope McBride\OneDrive - UW-Madison\GEOG579\Lab1\dem18" "900 900" NEAREST</Process></lineage><itemProps><itemLocation><linkage Sync="TRUE">file://C:\Users\Hope McBride\OneDrive - UW-Madison\GEOG579\Lab1\dem18</linkage><protocol Sync="TRUE">Local Area Network</protocol></itemLocation><itemName Sync="TRUE">dem18</itemName><imsContentType Sync="TRUE">002</imsContentType><nativeExtBox><westBL Sync="TRUE">395639.346706</westBL><eastBL Sync="TRUE">462239.346706</eastBL><southBL Sync="TRUE">1996187.331926</southBL><northBL Sync="TRUE">2122187.331926</northBL><exTypeCode Sync="TRUE">1</exTypeCode></nativeExtBox></itemProps><copyHistory><copy source="H:\Mae Chaem training0\dem" dest="\\JIE\D$\Mae Chaem training 1\dem" date="20110506" time="02264600"></copy></copyHistory><RasterProperties><General><PixelDepth Sync="TRUE">32</PixelDepth><HasColormap Sync="TRUE">FALSE</HasColormap><CompressionType Sync="TRUE">None</CompressionType><NumBands Sync="TRUE">1</NumBands><Format Sync="TRUE">GRID</Format><HasPyramids Sync="TRUE">FALSE</HasPyramids><SourceType Sync="TRUE">continuous</SourceType><PixelType Sync="TRUE">floating point</PixelType><NoDataValue Sync="TRUE">-3.4028235e+38</NoDataValue></General></RasterProperties></DataProperties><SyncDate>20260212</SyncDate><SyncTime>10134600</SyncTime><ModDate>20260212</ModDate><ModTime>10134600</ModTime></Esri><dataIdInfo><envirDesc Sync="TRUE">Microsoft Windows 10 Version 10.0 (Build 26100) ; Esri ArcGIS 13.5.0.57366</envirDesc><dataLang><languageCode value="eng" Sync="TRUE"></languageCode><countryCode value="USA" Sync="TRUE"></countryCode></dataLang><idCitation><resTitle Sync="TRUE">dem18</resTitle><presForm><PresFormCd value="005" Sync="TRUE"></PresFormCd></presForm></idCitation><spatRpType><SpatRepTypCd value="002" Sync="TRUE"></SpatRepTypCd></spatRpType></dataIdInfo><mdLang><languageCode value="eng" Sync="TRUE"></languageCode><countryCode value="USA" Sync="TRUE"></countryCode></mdLang><mdChar><CharSetCd value="004" Sync="TRUE"></CharSetCd></mdChar><distInfo><distFormat><formatName Sync="TRUE">Raster Dataset</formatName></distFormat></distInfo><mdHrLv><ScopeCd value="005" Sync="TRUE"></ScopeCd></mdHrLv><mdHrLvName Sync="TRUE">dataset</mdHrLvName><spatRepInfo><Georect><cellGeo><CellGeoCd Sync="TRUE" value="002"></CellGeoCd></cellGeo><numDims Sync="TRUE">2</numDims><tranParaAv Sync="TRUE">1</tranParaAv><chkPtAv Sync="TRUE">0</chkPtAv><cornerPts><pos Sync="TRUE">395639.346706 1996187.331926</pos></cornerPts><cornerPts><pos Sync="TRUE">395639.346706 2122187.331926</pos></cornerPts><cornerPts><pos Sync="TRUE">462239.346706 2122187.331926</pos></cornerPts><cornerPts><pos Sync="TRUE">462239.346706 1996187.331926</pos></cornerPts><centerPt><pos Sync="TRUE">428939.346706 2059187.331926</pos></centerPt><axisDimension type="002"><dimSize Sync="TRUE">74</dimSize><dimResol><value Sync="TRUE">900.000000</value></dimResol></axisDimension><axisDimension type="001"><dimSize Sync="TRUE">140</dimSize><dimResol><value Sync="TRUE">900.000000</value></dimResol></axisDimension><ptInPixel><PixOrientCd Sync="TRUE" value="001"></PixOrientCd></ptInPixel></Georect></spatRepInfo><contInfo><ImgDesc><contentTyp><ContentTypCd Sync="TRUE" value="003"></ContentTypCd></contentTyp><covDim><Band><dimDescrp Sync="TRUE">dem18</dimDescrp><bitsPerVal Sync="TRUE">32</bitsPerVal></Band></covDim></ImgDesc></contInfo><mdDateSt Sync="TRUE">20260212</mdDateSt></metadata>
