<?xml version="1.0" encoding="UTF-8"?>
<metadata xml:lang="zh"><Esri><CreaDate>20110506</CreaDate><CreaTime>02173400</CreaTime><ArcGISFormat>1.0</ArcGISFormat><SyncOnce>TRUE</SyncOnce><DataProperties><itemProps><itemLocation><linkage Sync="TRUE">file://\\JIE\D$\Mae Chaem training 1\p14stream</linkage><protocol Sync="TRUE">Local Area Network</protocol></itemLocation></itemProps><copyHistory><copy source="C:\Users\Ding\Desktop\Mae Chaem training\Mae Chaem training\p14stream" dest="\\JIE\D$\Mae Chaem training 1\p14stream" date="20110506" time="02173400"></copy></copyHistory></DataProperties></Esri></metadata>
