<?xml version="1.0" encoding="UTF-8"?>
<metadata xml:lang="en"><Esri><CreaDate>20260212</CreaDate><CreaTime>10044700</CreaTime><ArcGISFormat>1.0</ArcGISFormat><SyncOnce>TRUE</SyncOnce><DataProperties><lineage><Process ToolSource="c:\program files\arcgis\pro\Resources\ArcToolbox\toolboxes\Conversion Tools.tbx\RasterToPoint" Date="20260212" Time="100447">RasterToPoint dem2 "C:\Users\Hope McBride\OneDrive - UW-Madison\GEOG579\Lab1\dem2.shp" VALUE</Process><Process ToolSource="c:\program files\arcgis\pro\Resources\ArcToolbox\toolboxes\Spatial Statistics Tools.tbx\SpatialAutocorrelation" Date="20260212" Time="100628">SpatialAutocorrelation dem2.shp grid_code NO_REPORT INVERSE_DISTANCE EUCLIDEAN_DISTANCE ROW # # #</Process><Process ToolSource="c:\program files\arcgis\pro\Resources\ArcToolbox\toolboxes\Spatial Statistics Tools.tbx\SpatialAutocorrelation" Date="20260212" Time="100750">SpatialAutocorrelation dem2.shp grid_code NO_REPORT INVERSE_DISTANCE_SQUARED EUCLIDEAN_DISTANCE ROW # # #</Process><Process ToolSource="c:\program files\arcgis\pro\Resources\ArcToolbox\toolboxes\Spatial Statistics Tools.tbx\SpatialAutocorrelation" Date="20260212" Time="100910">SpatialAutocorrelation dem2.shp grid_code NO_REPORT K_NEAREST_NEIGHBORS EUCLIDEAN_DISTANCE ROW # # 8</Process></lineage></DataProperties></Esri></metadata>
