<?xml version="1.0" encoding="UTF-8"?>
<metadata xml:lang="en"><Esri><CreaDate>20260212</CreaDate><CreaTime>10122300</CreaTime><ArcGISFormat>1.0</ArcGISFormat><SyncOnce>TRUE</SyncOnce><DataProperties><lineage><Process ToolSource="c:\program files\arcgis\pro\Resources\ArcToolbox\toolboxes\Conversion Tools.tbx\RasterToPoint" Date="20260212" Time="101223">RasterToPoint dem8 "C:\Users\Hope McBride\OneDrive - UW-Madison\GEOG579\Lab1\dem8.shp" VALUE</Process><Process ToolSource="c:\program files\arcgis\pro\Resources\ArcToolbox\toolboxes\Spatial Statistics Tools.tbx\SpatialAutocorrelation" Date="20260212" Time="101231">SpatialAutocorrelation dem8.shp grid_code NO_REPORT INVERSE_DISTANCE EUCLIDEAN_DISTANCE ROW # # #</Process><Process ToolSource="c:\program files\arcgis\pro\Resources\ArcToolbox\toolboxes\Spatial Statistics Tools.tbx\SpatialAutocorrelation" Date="20260212" Time="101239">SpatialAutocorrelation dem8.shp grid_code NO_REPORT INVERSE_DISTANCE_SQUARED EUCLIDEAN_DISTANCE ROW # # #</Process><Process ToolSource="c:\program files\arcgis\pro\Resources\ArcToolbox\toolboxes\Spatial Statistics Tools.tbx\SpatialAutocorrelation" Date="20260212" Time="101247">SpatialAutocorrelation dem8.shp grid_code NO_REPORT K_NEAREST_NEIGHBORS EUCLIDEAN_DISTANCE ROW # # 8</Process></lineage></DataProperties></Esri></metadata>
